life_expectancy,% 0 Vehicle HH,LILATracts_halfAnd10,Pedestrian Network Density,Employment Density,Walkability,Transit Frequency
79.8,0.113861386,1,21.6378779,1.402666301,14.83333333,21.50620447
77.5,0.0,1,13.31868857,1.424297566,13.16666667,17.26127433
77.1,0.25,1,16.60825013,1.964782848,14.66666667,52.76060575
78.6,0.0,0,19.21847561,1.160224523,9.333333333,-99999.0
72.4,0.062162162,1,13.86056261,1.356871171,9.0,-99999.0
74.8,0.098859316,1,19.21955757,6.950112499,17.5,27.16509684
77.9,0.024489796,0,26.22913321,1.594315478,14.83333333,22.18178056
81.7,0.0,0,8.284844841,0.011976347,5.833333333,-99999.0
78.6,0.0,0,9.606679484,0.088901284,4.166666667,-99999.0
79.5,0.017959184,0,4.218928132,0.252932638,7.5,-99999.0
73.2,0.270557029,0,6.365472142,10.31786655,15.83333333,12.56831634
73.8,0.0,0,9.757386639,0.15702546,5.833333333,-99999.0
75.6,0.0,1,10.21962867,1.622288708,8.166666667,-99999.0
74.7,0.215316315,0,18.89883142,2.109917284,8.333333333,-99999.0
80.2,0.0,0,13.37202295,0.357321062,7.0,-99999.0
76.7,0.086206897,0,13.47546554,3.231326878,8.333333333,-99999.0
83.9,0.0,1,12.02854113,4.809455575,10.83333333,-99999.0
74.7,0.011659193,0,6.689540166,0.802891395,8.0,-99999.0
75.7,0.064343164,1,22.93850974,0.362107341,12.83333333,14.04537563
80.4,0.0,0,26.42359271,3.813896751,13.16666667,8.260216313
72.6,0.0,1,4.635560834,2.166391751,5.833333333,1.294125833
73.5,0.13909224,1,13.35404249,1.601768315,15.16666667,16.23464655
72.1,0.046920821,1,8.444800681,0.662786726,12.16666667,22.73956277
78.1,0.119850187,0,13.15879668,7.553700068,11.0,-99999.0
85.3,0.014325323,0,6.643674869,0.349171698,8.666666667,0.905796435
79.6,0.02004008,0,14.38003201,5.774394275,12.0,-99999.0
79.7,0.042071197,0,7.185925761,11.10895846,8.5,-99999.0
79.7,0.042071197,0,7.185925761,11.10895846,8.5,-99999.0
82.3,0.042259414,0,13.75892084,0.997400605,9.166666667,-99999.0
82.2,0.002401506,0,9.828774924,0.258225616,7.833333333,-99999.0
80.7,0.035714286,0,15.353898,0.206354801,6.833333333,-99999.0
80.3,0.0,0,8.644394494,0.87442237,7.0,-99999.0
81.0,0.010875476,0,5.75570739,0.214329046,7.333333333,-99999.0
80.1,0.033291615,0,19.25083038,1.934856765,11.83333333,-99999.0
79.0,0.024193548,0,10.30412257,12.89262934,10.83333333,-99999.0
77.0,0.13190184,1,17.34309361,4.022939259,9.5,-99999.0
77.0,0.13190184,1,17.34309361,4.022939259,9.5,-99999.0
72.4,0.013333333,1,5.86504972,4.034757756,10.5,3.142251168
79.4,0.064814815,0,6.545280307,1.33471527,5.333333333,-99999.0
76.6,0.014874915,0,3.954178324,0.389617506,7.166666667,-99999.0
72.7,0.091402715,1,15.68272373,3.217633658,11.5,2.611649386
77.0,0.117482517,1,10.64169438,0.605814807,13.0,19.07381491
76.8,0.184073107,0,8.46364188,5.765061112,9.833333333,2.85730071
78.8,0.013306039,1,7.864961773,0.162099748,10.33333333,4.245156902
76.9,0.036639857,0,8.032297292,2.542742532,6.833333333,-99999.0
78.8,0.0,0,11.34401591,0.062761307,5.333333333,-99999.0
75.5,0.009160305,0,15.53190484,0.757605317,8.0,-99999.0
78.7,0.0,0,10.10577059,0.71887352,6.166666667,-99999.0
78.7,0.068126521,1,9.22720698,39.24511256,7.333333333,-99999.0
75.9,0.04,0,8.870167799,2.76311234,7.333333333,-99999.0
81.9,0.053932584,0,8.507582813,0.557671429,7.0,-99999.0
80.7,0.015384615,1,18.12630661,0.838139029,16.33333333,48.86935289
79.8,0.0,0,21.67078582,0.287401064,6.666666667,-99999.0
82.8,0.0,0,14.54452335,1.790280598,8.166666667,-99999.0
80.3,0.0,0,18.15201904,1.169072282,8.5,-99999.0
74.4,0.03926097,1,15.3775488,0.046230089,11.33333333,13.60962001
69.1,0.085106383,1,18.20902961,1.153199915,13.83333333,6.700938503
79.9,0.046979866,0,26.16927467,2.553959517,18.5,22.48829601
73.3,0.132596685,1,14.84025293,0.448113721,14.5,25.21255219
74.4,0.110315186,1,19.25318072,5.418667361,13.5,17.21159311
74.1,0.063414634,1,17.1992635,0.306239698,12.16666667,3.011375031
70.0,0.100217865,0,16.8979359,0.260743197,11.66666667,15.46107547
62.8,0.421203438,0,26.32090256,55.54807593,14.5,22.22694806
74.4,0.102040816,1,15.12451738,22.29578935,12.66666667,16.38057993
68.7,0.11790393,1,11.36441336,0.704361747,11.0,6.373781818
70.4,0.06835443,1,23.3951893,0.159296172,13.0,32.194596
75.6,0.299441341,1,8.074958469,0.43462374,14.16666667,7.436545013
77.9,0.075208914,1,13.84458122,0.617596638,14.83333333,14.08828332
83.5,0.001440507,0,6.290906034,0.152450424,6.5,-99999.0
80.9,0.0,0,18.14557146,0.177624013,12.0,9.666184671
79.6,0.0,0,16.85592315,0.120788368,7.5,-99999.0
79.4,0.0,0,4.074484801,0.093859517,3.833333333,-99999.0
77.4,0.129518072,1,16.44821642,2.038317448,6.833333333,-99999.0
75.4,0.0,1,1.732328417,18.81892574,4.666666667,-99999.0
75.7,0.0,1,17.19277365,17.03388542,11.33333333,-99999.0
85.0,0.0,0,15.78087182,0.61236879,8.666666667,-99999.0
81.0,0.008454106,0,7.299939603,0.081561868,6.833333333,-99999.0
76.3,0.0,0,13.58701371,1.562662997,10.16666667,-99999.0
86.9,0.012160229,0,9.759775105,0.069939433,6.5,-99999.0
79.3,0.02189781,0,17.6250927,0.817157715,8.0,-99999.0
79.4,0.0,0,5.005789893,0.31876283,7.666666667,0.299813172
79.4,0.0,0,6.141894293,0.187523598,4.833333333,-99999.0
80.5,0.0,0,14.94980236,0.280351047,7.166666667,-99999.0
77.7,0.0,0,20.17640863,0.761627938,13.5,27.69556062
74.7,0.035460993,0,17.29243611,0.834548583,8.166666667,-99999.0
75.7,0.162698413,0,27.29131723,0.922244775,15.16666667,57.38166735
75.1,0.009345794,1,11.11579169,0.54793886,10.5,4.605280898
77.6,0.012738854,0,19.58053501,1.417884579,16.16666667,9.144706189
78.7,0.0,1,20.64208704,0.430512365,8.666666667,2.649306862
77.8,0.036719706,1,20.45098153,2.661733019,12.5,2.519983923
68.0,0.114224138,1,13.79445057,1.371558781,12.66666667,10.34571889
73.3,0.0,1,17.47089397,0.144612734,11.83333333,6.855714872
74.6,0.112420671,0,14.13050883,6.499401283,14.5,2.359396949
76.5,0.146788991,0,23.0672522,3.319572528,14.66666667,24.19733961
82.4,0.0,0,15.01135369,0.348345647,6.833333333,-99999.0
80.9,0.020518359,0,11.99844694,7.06618959,9.833333333,-99999.0
74.3,0.053221289,1,14.66220014,0.449340143,11.16666667,11.98240383
80.4,0.0,0,9.02379234,0.151405021,7.333333333,-99999.0
74.6,0.072139303,1,21.80409307,0.511987302,12.66666667,58.81290039
77.7,0.029315961,0,15.78552218,0.031196255,5.333333333,-99999.0
78.8,0.0,0,18.76199824,0.145523044,7.0,-99999.0
80.7,0.021571649,0,19.10069707,0.121694043,6.5,-99999.0
76.9,0.109022556,1,7.803957818,3.855208829,13.83333333,20.64862739
77.6,0.329192547,1,11.29717981,2.517584699,14.16666667,34.81726395
76.8,0.084848485,0,20.36732646,0.585055305,9.333333333,-99999.0
71.7,0.0,1,6.061702836,0.036830048,8.0,1.571415364
81.4,0.009920635,0,2.607022754,0.227129947,3.833333333,-99999.0
77.1,0.008561644,1,9.914761047,0.105335252,10.66666667,1.348291222
77.9,0.015873016,1,10.08790527,0.534467782,9.833333333,42.86659043
79.4,0.049107143,0,11.65260211,0.126801367,6.5,-99999.0
80.2,0.111455108,0,6.518874175,0.637195174,5.833333333,-99999.0
79.2,0.008648649,0,16.71754114,1.006400504,9.833333333,-99999.0
77.6,0.011984021,1,11.77282434,0.816932126,9.5,-99999.0
78.8,0.010834236,0,6.137771844,0.346404868,5.833333333,-99999.0
76.4,0.131034483,1,18.69228976,4.728484843,17.33333333,15.51675931
76.9,0.018284107,1,17.76226741,7.231714472,9.833333333,-99999.0
79.6,0.130695444,1,18.34353403,1.46290472,8.666666667,-99999.0
79.2,0.08907563,0,21.04230134,2.529483257,11.83333333,-99999.0
76.4,0.0,1,15.59449902,1.320028073,12.33333333,31.87992327
72.6,0.026109661,1,16.33603749,3.632713618,12.0,2.719506629
75.9,0.0,0,14.64287203,0.197478544,5.5,-99999.0
75.4,0.013127413,1,19.80340476,11.88617722,10.66666667,-99999.0
79.6,0.024875622,0,22.76380964,0.222932921,7.833333333,-99999.0
80.7,0.0,0,11.80192745,0.313233804,7.666666667,-99999.0
76.0,0.083333333,1,24.79401533,0.265947245,13.83333333,37.81009976
80.3,0.027027027,0,16.49889939,0.663946654,9.5,-99999.0
79.5,0.02991453,1,20.1767869,7.913259152,14.66666667,35.91833941
76.2,0.080118694,1,13.08677953,0.503735107,5.833333333,8.832355602
75.6,0.0,1,18.35645018,1.060111363,14.33333333,7.264921348
76.7,0.0,1,20.50991699,0.163213383,11.16666667,20.17661023
79.1,0.027863777,1,20.5097422,1.382923424,9.666666667,-99999.0
72.5,0.03255814,1,14.92456006,0.166754468,6.833333333,-99999.0
80.0,0.0,1,22.09408685,0.342439054,12.33333333,36.52683077
76.1,0.0,0,18.6875064,0.012202534,11.16666667,12.29106797
73.1,0.0,1,8.522760308,1.966572077,12.5,9.271499993
76.7,0.034416826,1,21.17527183,0.432892599,13.5,12.31338947
77.2,0.028192371,0,5.506571411,0.092161009,5.0,-99999.0
78.0,0.0,0,17.40055517,0.090304745,8.166666667,-99999.0
74.4,0.239616613,0,8.949699991,0.140629933,12.5,17.65512109
72.2,0.256944444,1,12.49039417,1.954743369,17.83333333,24.77298531
75.4,0.0,0,6.354685687,22.46748467,7.833333333,-99999.0
76.2,0.046321526,0,15.28973128,0.349671383,6.333333333,-99999.0
74.8,0.446153846,0,21.15100752,1.550913028,15.0,49.01650761
73.7,0.016605166,1,21.65596551,1.570673001,15.0,6.591676857
81.0,0.024054983,0,18.10014243,20.19218784,11.33333333,9.680599949
77.8,0.0,1,19.76605919,0.786132196,12.33333333,29.25143054
78.7,0.017991004,0,20.93946916,20.62763714,16.83333333,42.78187263
80.7,0.0,0,22.16389527,0.751909978,13.5,23.47426274
77.7,0.0,0,3.681928608,0.164416436,5.0,-99999.0
73.5,0.18699187,0,15.44100583,13.47571738,6.666666667,-99999.0
77.3,0.322222222,1,19.12156194,12.5488588,13.66666667,-99999.0
82.4,0.04558011,0,19.41129998,0.52896167,6.833333333,2.487177348
72.1,0.198090692,1,11.72183736,2.167653856,14.5,20.8616311
72.9,0.325490196,1,15.44877125,3.238136079,16.66666667,22.56898686
70.1,0.140724947,1,21.35334937,0.06606413,11.33333333,19.21865644
78.9,0.038610039,1,23.95252497,4.240448571,14.16666667,11.45100036
77.9,0.031290743,1,12.64477903,0.743251996,7.0,-99999.0
80.2,0.116995074,0,15.470076,2.611668094,11.83333333,-99999.0
83.6,0.0,1,18.40683999,0.914601485,11.0,10.17991218
77.3,0.079575597,0,21.21670104,1.193409512,13.0,22.86772718
70.5,0.035040431,1,17.25194038,2.153258123,15.0,13.57319135
78.9,0.0,0,11.66278665,11.05398708,8.166666667,-99999.0
78.2,0.0,0,15.27532789,0.283678008,12.0,3.240607893
76.2,0.0,1,18.48001767,0.377713349,8.166666667,-99999.0
75.1,0.025974026,1,20.29679442,0.043633453,9.5,18.6169398
73.7,0.12335958,1,17.19454059,0.886404207,13.66666667,25.40143399
71.3,0.151785714,1,11.47576402,0.912356365,11.33333333,16.19765711
77.8,0.079831933,1,21.46705204,0.604934698,15.16666667,12.07504355
77.1,0.071202532,1,17.54575005,0.350263508,6.833333333,-99999.0
81.1,0.070808283,0,22.13079645,9.237108803,18.33333333,12.63879808
77.0,0.12,1,3.182116789,2.84236306,10.5,1.276570076
75.5,0.0,1,16.73944137,1.609982501,14.66666667,8.113297643
76.2,0.024852071,1,17.22809077,0.025855322,6.0,-99999.0
77.5,0.124324324,0,14.06647567,3.538155224,10.0,-99999.0
74.3,0.213333333,1,12.94703754,2.703529984,7.333333333,-99999.0
74.3,0.213333333,1,12.94703754,2.703529984,7.333333333,-99999.0
77.6,0.0,0,19.30688025,0.454969347,13.66666667,2.598919633
79.1,0.0,0,10.62986554,4.707606136,15.0,1.071178454
82.0,0.048034934,0,19.03498805,0.084095849,11.83333333,13.45533589
80.6,0.0,0,16.58758315,0.65677637,8.5,-99999.0
78.4,0.030063291,0,15.74074002,0.028424212,10.83333333,6.063831893
79.8,0.010670732,0,16.86653768,0.174543974,5.333333333,-99999.0
73.6,0.027027027,1,14.39857965,1.266456904,8.5,-99999.0
69.1,0.119170984,1,13.4987123,0.021016292,9.5,10.08782037
76.9,0.0,1,17.31144595,0.48157321,7.0,-99999.0
76.8,0.0,0,7.043989279,0.073135401,5.5,-99999.0
75.3,0.0,1,18.23000094,0.054839993,4.833333333,-99999.0
82.6,0.099075297,0,10.62927942,1.771828866,11.83333333,1.357276977
80.2,0.0,1,20.49191034,0.162452333,11.0,4.243678856
79.2,0.021126761,0,17.36240047,1.946247927,10.0,-99999.0
80.1,0.028368794,0,15.67973534,0.786327815,7.833333333,-99999.0
72.4,0.063973064,0,12.05136525,2.013419228,9.166666667,-99999.0
80.9,0.0,0,12.95832525,0.168554899,6.166666667,-99999.0
74.7,0.0,1,21.12671263,4.350344343,13.5,12.26528801
81.8,0.040336134,0,10.5445425,3.095518868,7.833333333,-99999.0
77.4,0.101123596,1,16.48046223,2.146848204,9.666666667,-99999.0
75.0,0.14231738,0,17.48010274,1.978969272,11.16666667,-99999.0
74.7,0.137773723,0,22.97272966,2.407356831,11.66666667,10.34032464
78.3,0.131648936,0,16.86159075,19.75474019,17.66666667,40.05396392
71.7,0.073446328,1,3.525941575,0.180431713,9.833333333,2.431026229
73.4,0.136246787,1,16.99723496,1.507028155,12.5,24.55574527
80.4,0.0,0,8.578077296,0.157736267,6.833333333,-99999.0
71.3,0.022900763,1,12.5515695,1.450901552,15.66666667,14.64203671
80.8,0.0,0,5.883111924,1.668452959,7.5,-99999.0
78.9,0.0,0,14.11863776,0.30482484,5.833333333,-99999.0
79.1,0.0,0,18.50204743,0.403748267,6.666666667,-99999.0
77.3,0.0,0,19.11721472,0.395856674,8.833333333,-99999.0
78.5,0.16713881,0,22.05633091,4.351673147,17.0,9.333867481
73.6,0.076648841,1,4.827323204,1.27260963,8.833333333,4.052174394
82.9,0.0,0,17.84095941,0.297869344,5.833333333,-99999.0
75.8,0.067524116,1,14.03873918,12.19483441,12.16666667,-99999.0
79.7,0.0,1,3.598282052,5.302133029,8.5,-99999.0
80.4,0.0,0,23.53324834,17.60432007,16.0,163.360481
76.1,0.096774194,1,20.31474188,0.104290573,12.0,8.221501382
79.7,0.0,0,1.45102824,0.02738464,4.833333333,-99999.0
80.7,0.0,0,10.44061964,1.361052184,9.0,-99999.0
77.2,0.010989011,0,4.48602422,8.465425121,6.833333333,5.362064375
79.8,0.06,0,6.655228003,0.415706626,10.66666667,6.489079034
85.6,0.157681941,0,18.09602245,25.96474988,11.83333333,-99999.0
82.5,0.0,0,21.16204758,1.138176987,9.833333333,-99999.0
81.8,0.0,0,35.98517675,0.364737466,12.16666667,10.61054447
81.0,0.0,0,13.6065664,0.117726516,5.5,-99999.0
80.4,0.037990196,0,22.07804581,0.795617902,8.833333333,-99999.0
80.8,0.0,0,16.97192956,0.39401194,8.5,-99999.0
83.9,0.034865293,0,9.856638344,2.649379923,11.16666667,-99999.0
81.6,0.180297398,0,11.268492,0.880664096,10.83333333,-99999.0
78.0,0.032407407,0,11.50350999,0.177362829,4.333333333,-99999.0
81.0,0.0,0,17.68716218,1.517370281,11.0,-99999.0
79.1,0.012759171,0,6.4003266,0.039349283,5.666666667,-99999.0
73.8,0.05805114,0,12.55970461,0.16756308,6.833333333,-99999.0
80.1,0.0,0,7.539484978,0.362102786,7.666666667,-99999.0
80.4,0.0,0,19.54916023,2.012084699,10.0,-99999.0
80.4,0.0,0,19.54916023,2.012084699,10.0,-99999.0
81.6,0.0,0,12.02648336,2.587962339,10.66666667,-99999.0
83.9,0.033783784,0,11.06683141,5.82170775,11.33333333,-99999.0
80.8,0.006153846,0,4.919249751,0.299691202,7.166666667,-99999.0
83.1,0.0,0,18.52206788,0.462645908,12.0,2.226949335
78.0,0.037779491,1,14.93014336,7.425218786,11.66666667,2.884493626
78.3,0.004154303,0,8.585197356,0.294751257,8.666666667,-99999.0
78.4,0.130434783,0,9.952361873,1.045985631,12.5,5.905424803
81.9,0.0,1,15.41730755,0.123638061,11.0,15.07206837
77.1,0.318761384,0,9.851997939,0.511478358,9.166666667,5.279776493
75.9,0.083657588,1,6.697759609,1.39295978,13.0,1.018850582
81.2,0.097505669,1,24.20528049,2.288155164,7.833333333,-99999.0
77.6,0.010638298,1,9.212039009,1.093395063,11.16666667,2.572694266
78.5,0.01171875,0,10.73615583,0.650296628,7.166666667,15.85485113
78.5,0.01171875,0,10.73615583,0.650296628,7.166666667,15.85485113
75.3,0.040185471,1,11.40595509,0.94134511,8.333333333,9.677933589
78.3,0.026986507,0,6.311654535,2.283589591,9.166666667,-99999.0
76.7,0.013544018,0,24.15516646,7.633290448,13.33333333,-99999.0
82.8,0.021978022,0,14.57883797,1.229305791,10.16666667,-99999.0
76.4,0.0,0,13.81917738,0.884008405,7.666666667,-99999.0
76.9,0.0,0,23.00547898,1.549443737,7.0,-99999.0
78.0,0.0,0,20.26339,0.096991727,6.166666667,-99999.0
80.4,0.0,0,8.135728682,1.465772835,9.166666667,-99999.0
81.5,0.018324607,0,11.44316846,0.606170314,6.0,-99999.0
79.3,0.072196621,0,20.53604373,0.654048921,8.5,-99999.0
81.8,0.0,0,16.69830137,3.214259584,10.33333333,-99999.0
82.0,0.0,0,16.12906918,1.988038688,10.66666667,-99999.0
81.4,0.0,1,6.140254292,3.339338789,6.833333333,-99999.0
78.6,0.016296296,0,8.296605742,0.382898503,6.5,-99999.0
78.6,0.016296296,0,8.296605742,0.382898503,6.5,-99999.0
78.6,0.016296296,0,8.296605742,0.382898503,6.5,-99999.0
75.3,0.019073569,0,18.87206648,0.146424981,11.16666667,18.09133794
82.9,0.019955654,0,21.05876813,1.332391324,15.66666667,16.78603242
79.2,0.027874564,0,11.91669235,0.04395397,3.666666667,22.91076256
79.7,0.02862254,0,7.937308109,0.705408878,6.333333333,-99999.0
71.8,0.065315315,0,9.668960545,2.063743467,14.16666667,11.9769737
74.4,0.13225058,1,25.23334394,0.61894484,9.333333333,-99999.0
71.6,0.206779661,1,26.86915582,3.435614752,16.33333333,31.68486004
77.2,0.068093385,0,12.05515386,0.104771009,10.33333333,2.681623293
67.3,0.702898551,1,13.37625517,0.053533704,9.5,38.85262066
75.9,0.096629213,0,18.10419439,8.20333614,16.0,134.5535216
73.3,0.15755627,0,15.85483657,0.489667964,13.33333333,63.43797342
71.4,0.192028986,1,28.64676865,0.390105367,14.16666667,17.18926795
85.4,0.088235294,0,14.04240114,0.787764367,13.33333333,60.12780504
80.5,0.104693141,0,18.81118381,5.942398338,16.5,120.8401855
81.3,0.075441413,0,11.08596059,2.840696505,13.83333333,153.31258
76.6,0.064189189,0,15.36468251,0.370561513,12.66666667,10.0794476
78.3,0.043165468,1,21.1076282,0.219022561,6.0,-99999.0
67.9,0.138655462,1,17.3434905,0.495738866,14.83333333,28.55455866
80.4,0.043478261,0,20.38434329,1.642937544,17.5,141.6538471
82.1,0.0,0,7.898229491,3.313519158,12.16666667,539.9750899
79.9,0.028571429,0,29.0830385,8.531795197,17.66666667,304.0972392
81.6,0.021582734,0,17.70001942,0.343600975,12.5,72.86274414
86.0,0.096188748,0,14.15116855,28.85660684,16.16666667,256.3659525
66.1,0.247401247,0,28.02863847,1.597904836,15.16666667,6.05123725
68.6,0.016011645,1,17.79833446,0.321044779,12.66666667,17.65162568
69.3,0.134185304,1,23.0844075,0.725124343,13.5,31.86978569
71.6,0.102791878,1,14.08360113,1.382923503,12.0,8.802673999
79.3,0.006030151,0,13.54627612,5.777021475,12.66666667,335.784142
84.4,0.034229829,0,18.29414522,0.443545642,11.66666667,243.79998
84.1,0.022508039,0,21.25624448,0.234064232,12.83333333,227.5312388
77.6,0.32503888,0,18.69942919,8.041250986,15.5,257.7936267
72.8,0.402739726,1,21.26674074,5.967864081,17.16666667,23.86284468
73.2,0.10899654,1,14.30096455,0.266280785,11.16666667,5.876541468
70.3,0.529411765,1,14.74301255,0.095970372,10.83333333,24.38995031
75.9,0.0,0,9.141496043,0.043765419,4.833333333,-99999.0
67.6,0.238095238,1,14.32270466,7.799096297,15.83333333,76.93906174
73.5,0.04539559,1,11.11506244,2.824695995,15.33333333,4.76365069
81.2,0.0,0,19.75005097,7.757050599,17.16666667,141.1235652
79.7,0.0,0,27.22379928,9.020451935,17.33333333,70.94262589
80.0,0.0,0,18.49364542,3.551797951,12.5,464.1352347
80.5,0.117647059,0,24.38264832,2.932098847,17.16666667,1949.037091
82.2,0.105802048,0,37.14903982,9.418520338,16.0,571.1746496
81.4,0.044186047,0,41.24740996,39.93437489,18.5,250.223847
84.6,0.115681234,0,37.35354463,99.60060362,19.83333333,174.0969996
83.2,0.086142322,0,20.90532381,5.239649034,16.5,91.85665223
78.2,0.130168453,0,23.01396619,0.323824161,15.0,10.73144513
79.2,0.168728909,1,32.99609326,0.424669864,14.33333333,905.9057548
84.2,0.073825503,0,15.9234032,3.324497602,18.16666667,63.60702893
82.9,0.0,0,13.55908262,0.199695874,11.66666667,83.18544258
81.4,0.07518797,1,16.53338202,8.465421878,17.83333333,484.874967
82.8,0.236394558,0,13.15114006,10.64664564,17.66666667,710.7288503
79.0,0.143523921,0,13.39529554,0.84408999,11.16666667,191.6048358
82.5,0.0,0,31.98989947,8.237808474,19.0,454.9596247
72.9,0.161825726,0,23.72606294,1.142978907,14.66666667,55.00048876
75.4,0.150259067,0,0.234096534,3.838918627,8.666666667,3013.18896
80.5,0.06462585,1,7.824222444,4.384102051,12.66666667,357.0036183
80.9,0.008201523,0,32.5612215,3.465539606,14.5,126.8607709
77.4,0.131198347,0,22.30306348,6.922949647,15.0,363.9941798
80.2,0.27154047,0,11.38650213,14.16539559,13.66666667,521.4279173
78.0,0.0,0,16.55436132,0.240295488,8.0,-99999.0
78.2,0.168439716,1,13.55801254,1.625583446,7.5,-99999.0
76.6,0.02894356,0,17.02116549,0.514735593,8.5,-99999.0
75.4,0.12883959,1,17.78687041,6.308460689,10.0,-99999.0
81.6,0.0,0,10.03692941,0.954388299,8.333333333,-99999.0
77.8,0.041575492,1,13.76285947,0.742470133,6.666666667,-99999.0
80.4,0.066810345,0,19.42945985,0.03928849,5.333333333,-99999.0
78.0,0.087649402,0,13.92849974,0.163421643,6.5,-99999.0
81.9,0.014939309,0,15.97292961,0.748830222,8.5,-99999.0
79.4,0.036144578,0,13.34352777,0.75943487,8.833333333,-99999.0
78.9,0.016405136,0,17.04700806,0.155307174,7.5,-99999.0
80.0,0.009389671,0,16.66305094,0.102505059,7.0,-99999.0
74.3,0.043824701,1,17.90108528,0.115513339,5.333333333,-99999.0
77.9,0.0,0,17.04163822,0.307307115,7.666666667,-99999.0
82.4,0.023934618,0,2.528353859,0.101348984,7.5,-99999.0
77.4,0.0,0,16.38768846,0.760045095,9.666666667,-99999.0
83.1,0.074358974,0,10.70488102,0.095315983,6.833333333,-99999.0
82.5,0.023932988,0,16.49697614,0.099138638,8.0,-99999.0
78.9,0.016052061,0,16.23243259,0.353515336,8.333333333,-99999.0
77.6,0.073490814,1,4.07355902,2.463890191,8.166666667,-99999.0
86.9,0.0,0,6.011604243,0.706386948,6.833333333,-99999.0
77.9,0.046931408,1,23.52027309,0.514729548,14.83333333,16.74269389
73.4,0.575903614,1,16.39870021,0.147290164,10.66666667,618.0688072
73.2,0.205240175,0,23.10910063,2.327073817,14.33333333,13.00663337
81.4,0.050913838,0,24.41757279,3.286045449,16.5,3.354406392
75.3,0.037931034,0,23.59558925,1.571047834,14.16666667,30.20796524
79.5,0.0,0,14.0460073,0.476624813,7.333333333,-99999.0
81.0,0.0,0,16.08233395,0.137717201,7.0,-99999.0
78.6,0.043076923,1,12.85319305,2.91677117,11.0,7.341853847
73.9,0.090909091,1,10.21083074,1.77437375,11.5,4.947884799
81.2,0.04,0,7.08241458,1.942503373,12.5,0.574122232
81.2,0.04,0,7.08241458,1.942503373,12.5,0.574122232
79.3,0.079096045,0,23.70639237,2.149187611,15.5,25.87767592
78.5,0.0,0,14.96910856,0.459315008,11.16666667,2.052625982
78.5,0.02972973,0,10.04088444,1.216110215,12.16666667,2.36562695
78.5,0.073846154,0,20.42056282,0.025398225,5.0,-99999.0
80.8,0.0,0,19.48203921,0.119239534,5.333333333,-99999.0
73.7,0.11372549,1,22.98753101,0.309666817,12.33333333,34.97413466
81.3,0.01092545,0,5.387332187,1.533060612,8.5,0.398967127
78.4,0.0,0,1.400527404,0.034227905,5.166666667,0.01409755
79.6,0.018621974,0,12.92990159,0.165046355,5.666666667,-99999.0
85.5,0.0,0,12.21685343,0.09282332,6.666666667,-99999.0
79.0,0.021978022,1,18.49293683,0.813305099,15.16666667,18.16071035
77.6,0.037162162,0,19.87497989,3.574840528,14.66666667,14.276241
78.4,0.038262668,0,9.184614946,1.524936835,10.0,0.6598468
81.6,0.0,0,12.25676121,0.106894066,4.666666667,-99999.0
75.3,0.0,1,24.16807344,0.121630476,12.0,7.076682367
82.9,0.010172144,0,13.76873255,1.20689978,9.833333333,0.612804632
78.6,0.006920415,0,13.23376961,1.73729164,9.833333333,0.481713613
78.2,0.042079208,0,19.54121827,2.233599044,13.83333333,7.986052449
75.2,0.148058252,1,19.64881831,0.653488148,15.33333333,13.12801624
71.2,0.050420168,1,9.926399174,0.189101188,13.0,1.551587304
80.5,0.0,0,16.80978771,1.99962875,7.333333333,-99999.0
75.0,0.448548813,1,20.18448278,24.24876055,17.83333333,61.0711078
71.5,0.165703276,1,14.24489733,5.586464585,14.83333333,10.89078357
75.8,0.042553191,0,16.08718955,4.867705979,17.16666667,20.66555109
79.5,0.071574642,0,24.87504768,0.756390193,14.66666667,4.699900227
82.7,0.112820513,0,21.42237694,0.973764556,6.833333333,-99999.0
69.6,0.070528967,1,16.78622222,0.218008826,13.5,11.6105272
79.3,0.0,1,24.28400586,0.02448583,12.33333333,20.92069332
80.6,0.0,0,15.93129933,0.171638917,7.833333333,-99999.0
79.6,0.0,0,14.63130472,0.46227239,7.833333333,-99999.0
78.1,0.032490975,0,14.87982619,4.833057784,14.16666667,2.81337898
76.0,0.073566085,1,6.927528653,10.11805618,14.83333333,2.136381496
78.3,0.0,0,22.82979136,0.152960713,11.16666667,5.758520945
87.2,0.0,0,13.57662843,0.33662611,5.5,-99999.0
87.2,0.0,0,13.57662843,0.33662611,5.5,-99999.0
77.5,0.184210526,1,7.55575024,4.950016887,8.333333333,3.683817501
77.2,0.0,0,16.32573631,0.123693498,6.0,5.154271172
72.7,0.035313002,1,12.93944768,0.830147418,11.0,1.545486045
77.6,0.180831826,0,19.49374578,0.711006859,11.33333333,11.88734532
77.8,0.010526316,0,17.42241359,0.042070917,9.0,8.993079239
76.8,0.031936128,0,20.75678315,0.215867008,11.16666667,5.474832615
77.3,0.0,0,11.52562517,1.664387319,5.666666667,-99999.0
79.7,0.037694013,0,23.30693749,3.60699415,16.5,13.11625248
83.9,0.061999407,0,8.66054348,0.793596894,9.5,-99999.0
75.3,0.099403579,1,14.28273559,0.685612956,13.0,4.167559592
75.4,0.166306695,1,2.577044884,0.867495211,8.666666667,0.13114772
76.0,0.056842105,1,5.897135502,1.862997049,11.16666667,0.42981321
77.1,0.018045113,1,9.868556742,2.257045125,8.0,-99999.0
80.5,0.021276596,0,15.94895333,0.378972838,11.16666667,7.106073142
76.0,0.042821159,1,16.62489547,0.684239224,13.33333333,17.40200299
75.9,0.138497653,1,25.28697772,16.1007376,13.5,27.93826199
71.1,0.028653295,1,4.41293555,0.631503382,6.833333333,0.600162369
69.5,0.346525097,1,11.01381304,0.84448203,10.66666667,178.7069405
74.3,0.334507042,0,11.11869315,1.330058341,13.16666667,44.42819075
72.3,0.0,1,8.969512095,8.326324397,8.333333333,7.581439
72.2,0.427966102,0,23.23688522,4.740917318,16.83333333,95.24469046
73.0,0.352546917,0,20.71648006,47.53066536,19.83333333,637.4818357
85.8,0.14198783,0,15.10206017,1.137160913,14.83333333,131.6324781
82.9,0.1,0,17.38330806,0.739609369,11.33333333,52.94812375
87.3,0.194042553,1,19.15655086,0.603489636,13.0,39.65474922
81.4,0.0,1,16.99286346,0.289046398,15.33333333,29.50614423
78.7,0.070539419,1,9.730850537,0.853242321,9.5,34.68631543
67.9,0.291089109,0,18.64261246,3.656673065,13.33333333,768.9461073
73.5,0.354330709,0,24.90188092,1.047188333,14.0,952.6803786
68.1,0.423982869,0,10.78040287,14.55735675,16.16666667,457.7445203
78.6,0.290909091,1,25.59434704,11.21863359,17.5,84.8867141
75.7,0.047945205,1,19.50166347,0.430738681,14.16666667,67.73715421
76.7,0.334801762,0,22.15770202,4.450315264,16.0,706.9225506
75.0,0.286549708,0,18.29935559,13.43184772,16.33333333,104.4659733
69.1,0.446428571,1,19.70481,0.413848021,14.33333333,1011.294074
67.4,0.842105263,0,19.59446519,3.618671599,17.33333333,690.7218771
69.2,0.158914729,1,13.81926574,3.491813935,16.83333333,65.92332672
71.8,0.264197531,1,11.38768077,1.063470542,10.5,28.14700799
75.3,0.275547445,1,23.06667663,0.0,11.66666667,27.26764488
80.5,0.179028133,0,22.35267228,0.947308954,13.33333333,205.2213377
73.1,0.088709677,1,17.09499266,2.67430859,15.0,48.21288726
76.1,0.146496815,0,19.42931514,0.098518169,10.16666667,51.88994712
77.0,0.05988024,1,17.04296547,0.097363386,10.0,220.4797339
75.7,0.164079823,0,17.1539598,0.190135633,12.83333333,260.0099534
74.4,0.181229773,1,5.752691938,0.0,7.0,49.48210653
75.9,0.222477064,0,12.09365301,1.541489311,12.0,105.6331686
76.7,0.144124169,1,10.75836448,2.376082995,10.83333333,54.05557132
71.7,0.115631692,1,12.6411959,7.357558553,15.5,166.6746118
79.9,0.143382353,0,15.60316091,7.488008944,17.5,46.03790252
78.3,0.33877551,0,31.60520818,23.44554784,15.33333333,1015.791688
71.7,0.563106796,0,39.17436161,0.417509783,14.5,854.6297037
69.2,0.568561873,1,19.58776569,4.05100157,16.83333333,1107.215092
71.7,0.567708333,1,36.14547235,2.08244174,14.5,726.249904
75.4,0.100609756,0,33.54326475,5.986299013,17.66666667,704.6823489
76.9,0.128526646,0,11.61767406,0.165085423,10.33333333,122.0303503
74.3,0.054545455,0,20.49399189,0.110769583,12.83333333,61.39293362
80.0,0.049382716,0,19.0117108,5.248444197,17.5,133.7869625
77.2,0.126262626,1,14.30882026,3.289849956,14.16666667,129.6486957
71.9,0.055335968,1,8.949415253,1.606622575,15.0,470.0518621
70.4,0.848,0,18.21117545,1.885580907,14.33333333,246.1551527
73.1,0.863425926,0,30.45146595,0.107862997,13.0,587.0207036
68.6,0.317880795,1,34.65274476,0.373232801,13.66666667,1883.130702
69.7,0.666666667,0,22.52451093,2.254565213,15.5,609.2336219
71.3,0.198051948,1,23.61976583,0.271694543,12.0,173.8845075
71.2,0.216718266,1,22.80352683,4.87759535,18.16666667,59.12236788
68.1,0.12345679,1,29.92589061,2.296061756,17.16666667,128.8694796
80.1,0.037267081,0,19.45619424,6.113217531,18.16666667,59.27968515
63.6,0.381818182,0,26.70777684,13.45143343,14.0,571.3891149
72.1,0.669172932,0,13.32287244,0.095437052,11.5,495.3564737
73.5,0.050147493,0,15.80399558,0.150243587,12.83333333,106.8398839
69.3,0.167346939,1,11.99655639,1.331790577,14.83333333,34.16885169
72.1,0.262008734,1,11.08469768,3.134182016,13.33333333,36.95378595
70.0,0.234463277,1,14.60277888,0.168529291,11.5,199.1199058
75.7,0.096418733,0,13.62727525,1.67179284,12.33333333,140.3209728
74.9,0.076628352,0,20.2762204,0.327651511,11.16666667,11.03668256
75.0,0.081871345,1,14.90323914,3.307894264,14.5,100.7823651
74.2,0.072948328,1,10.64027382,3.073798755,15.83333333,183.4963439
76.7,0.0,0,14.72645076,1.782939033,12.5,47.7699288
74.3,0.246268657,0,10.10871361,1.93612333,14.16666667,104.3719407
69.9,0.063424947,1,30.48128406,15.13895516,17.16666667,309.536646
72.2,0.300263389,0,17.29372638,2.274173763,13.0,53.41178991
70.8,0.327433628,1,14.25140594,0.0,12.33333333,452.2236613
68.4,0.449227373,1,16.05399918,4.563484462,12.0,123.2895369
73.7,0.194029851,1,11.57560793,0.084220665,11.5,61.10819171
71.8,0.232142857,1,4.018245416,0.11902078,12.66666667,457.0397947
76.4,0.451908397,0,21.89103525,48.53659812,16.66666667,1564.747405
67.5,0.253012048,1,17.0456479,0.095896953,12.0,471.3355897
67.9,0.454237288,1,31.66630384,0.911919005,15.16666667,950.989668
73.1,0.233160622,1,29.45716746,2.195587225,14.83333333,448.1288986
69.5,0.522648084,0,21.14314461,4.08539395,17.0,1329.737368
71.4,0.530744337,0,7.163843757,5.718039767,15.0,416.5161128
74.3,0.217592593,1,21.63092969,5.790754143,18.5,590.0746121
67.9,0.534435262,0,17.26385045,4.958983582,18.5,303.6250527
80.1,0.374384236,0,14.75329328,20.07862796,17.0,1092.648073
72.5,0.239631336,0,23.37464979,33.26512803,19.0,484.9059878
73.7,0.509433962,1,17.4169789,2.562330351,13.5,209.9061024
76.0,0.244053775,1,9.785595666,0.609154484,10.5,54.66151756
76.9,0.216704289,1,13.93816525,2.069601063,15.5,388.6885692
67.7,0.577540107,1,14.12621571,0.523852411,14.0,188.5468505
77.6,0.222222222,0,6.263329632,7.756342669,12.0,175.3310131
66.1,0.56626506,0,17.88234355,0.975583791,14.66666667,338.9456829
70.2,0.148230088,1,16.48820555,0.067149515,11.33333333,205.2805425
72.5,0.256830601,1,24.60699291,1.873726663,14.0,90.95163553
78.7,0.018456376,0,12.83579983,14.19371949,15.0,33.03040341
86.0,0.051575931,0,21.15481472,24.62093274,18.33333333,207.1191132
80.7,0.026229508,0,26.44153384,4.437277026,15.5,978.3308387
76.3,0.0,0,11.20476831,6.49255872,14.5,42.83719911
77.7,0.136456212,0,16.81256128,0.136757124,9.5,116.5684952
70.8,0.497461929,1,9.786965634,4.254216444,15.16666667,350.3320316
72.6,0.331989247,0,12.0337483,0.022097425,11.66666667,169.7082259
70.7,0.378378378,1,20.65345321,0.255520888,13.66666667,31.70805164
73.1,0.216260163,1,11.49087922,3.339195844,11.5,113.9963651
81.3,0.043715847,0,14.49558808,0.403295866,10.83333333,28.91458401
73.8,0.616129032,0,13.79043017,7.69658503,13.83333333,309.1519767
72.7,0.23255814,1,14.21488594,1.689910036,16.16666667,110.927428
78.7,0.101369863,0,36.61773925,5.401229986,15.0,568.2677862
69.7,0.404199475,1,16.55365909,1.139930864,10.33333333,1479.17429
67.0,0.79,0,55.30213671,2.787098233,13.83333333,2690.488871
64.1,0.485981308,1,18.86538677,0.735879332,12.83333333,169.5232524
71.4,0.256329114,1,0.23630576,0.0,9.0,259.4149013
72.7,0.340840841,1,14.73344414,0.056239933,10.0,124.9013848
65.3,0.774410774,0,17.9907913,177.820651,13.83333333,1332.608656
69.3,0.179389313,1,13.11620528,2.172231335,13.83333333,161.3657563
71.6,0.437908497,1,11.25783484,2.434907044,13.0,218.3631072
78.5,0.392215569,0,6.279839394,8.791112964,15.16666667,119.940766
80.4,0.261613692,1,13.57572245,1.77942172,13.83333333,88.16747617
70.4,0.440707965,0,25.6936734,7.61243312,17.33333333,451.3953952
74.5,0.030100334,1,21.19769145,0.953045712,13.5,57.57052085
68.6,0.613861386,0,32.1653545,2.304086581,16.16666667,492.9391293
64.3,0.506355932,0,13.47404042,0.021775093,13.0,873.3728442
74.3,0.326599327,1,9.65432751,6.973562113,13.33333333,34.22812552
73.5,0.397802198,1,10.25854221,4.714322331,11.66666667,72.54117619
65.0,0.485380117,0,34.21844955,0.563645041,13.16666667,154.5997828
71.2,0.306034483,0,20.33544832,5.17450648,17.33333333,583.5660565
73.2,0.108208955,1,20.35285134,4.643634325,17.0,164.1673665
79.4,0.135761589,1,16.01797024,3.646694823,15.83333333,93.2754599
66.7,0.358361775,0,22.91853055,2.322387414,16.5,194.4728152
78.9,0.140495868,0,16.09038283,2.832960464,17.66666667,444.2856835
65.6,0.658823529,1,14.00802708,0.303783436,11.66666667,184.5440766
69.3,0.494791667,0,17.02289736,1.756579246,17.33333333,185.5843552
71.1,0.577405858,1,25.68948651,0.048639292,13.33333333,547.9442722
72.1,0.488700565,0,35.7447566,1.105210123,14.5,278.6469158
72.7,0.811659193,1,24.77190171,4.626586676,16.33333333,466.300008
68.7,0.583333333,0,21.87080127,0.962269136,15.33333333,563.3645809
76.7,0.34845735,0,18.33159156,4.573837918,17.16666667,584.9527545
72.4,0.0,0,5.904971826,3.792820976,14.83333333,37.63150908
67.8,0.299363057,1,18.58193456,4.414927445,12.33333333,281.6746574
65.6,0.588571429,0,24.83957771,1.306097926,17.16666667,496.3172282
74.7,0.263772955,1,21.60279245,0.126329409,11.16666667,69.30070414
75.9,0.165024631,1,17.18416897,2.3316139,14.0,36.07354582
72.7,0.089219331,1,22.43564217,0.258732045,11.66666667,99.35311047
80.8,0.094545455,0,22.46283318,1.533107761,16.66666667,50.17146252
82.2,0.0,0,11.15172534,1.564680646,11.33333333,35.34241521
74.0,0.502463054,1,14.58231014,31.72964164,12.5,33.03923203
71.2,0.270341207,1,13.44505153,16.9873868,12.83333333,64.3202157
69.4,0.249275362,1,22.14374151,0.764280026,15.0,109.5483046
69.8,0.356932153,1,12.44558998,0.120802613,11.33333333,194.1497922
84.3,0.031135531,0,21.64431071,1.426246421,15.16666667,33.87391679
72.5,0.228699552,1,18.03314455,0.445612,15.16666667,172.3083823
69.5,0.429378531,1,18.57320822,0.872350074,13.83333333,1080.588479
72.9,0.346982759,1,14.0402503,4.606853619,12.33333333,135.6754592
76.3,0.083586626,1,19.70097329,19.94740876,14.5,40.19021285
74.5,0.111607143,1,24.32815154,0.707742857,15.83333333,105.0963346
80.5,0.0,0,22.21203299,12.00475403,14.83333333,20.29550359
80.1,0.047486034,0,11.81870525,3.334951528,14.16666667,32.62745238
80.0,0.020920502,0,14.85545474,0.3327208,7.0,-99999.0
75.5,0.047058824,0,8.829714482,0.25806204,5.833333333,-99999.0
83.4,0.0,0,14.89756886,0.361782636,8.5,-99999.0
83.3,0.03567681,0,13.21055518,1.895151512,9.166666667,-99999.0
73.6,0.074074074,0,9.496448798,10.2725977,6.5,-99999.0
81.0,0.025125628,0,3.029593267,22.76590618,8.0,-99999.0
80.6,0.028265107,0,7.608842923,2.769343908,8.666666667,-99999.0
76.0,0.205256571,0,7.923951949,0.849492258,6.666666667,-99999.0
76.7,0.168453292,1,11.45516832,5.473408842,8.5,-99999.0
85.3,0.0,0,11.57269463,0.967098377,8.166666667,-99999.0
83.8,0.094361335,0,28.91975653,2.043013935,9.333333333,-99999.0
76.7,0.190410959,0,13.159169,0.627172356,7.166666667,-99999.0
84.0,0.044407895,0,11.59293652,1.025561951,7.5,118.8924841
74.0,0.058653846,1,4.883856855,0.271018888,4.833333333,-99999.0
83.6,0.0,0,15.24681141,0.178023683,5.666666667,-99999.0
82.5,0.177615572,0,12.08681345,1.911632878,8.0,-99999.0
81.6,0.0,0,11.40351329,10.11874908,10.66666667,-99999.0
79.1,0.0,0,12.81010507,0.937599654,9.0,-99999.0
80.8,0.0,0,11.51466211,0.626282444,8.666666667,-99999.0
81.7,0.0,0,10.00251184,7.58781425,7.5,-99999.0
83.4,0.024453024,0,8.492447152,0.990101724,7.5,-99999.0
82.4,0.033165829,0,11.91268047,0.493245962,8.666666667,-99999.0
85.0,0.040419162,0,11.73955353,1.324157104,6.833333333,-99999.0
80.6,0.0,0,9.799872945,1.022471132,8.666666667,-99999.0
79.1,0.01217862,0,10.94309445,7.533949468,9.833333333,-99999.0
80.5,0.029829545,0,9.295489459,5.154602063,9.5,-99999.0
81.2,0.008213552,0,8.888991059,1.216219846,9.166666667,-99999.0
86.8,0.041795666,0,12.65333831,1.53784277,7.833333333,-99999.0
79.3,0.0,0,15.66543158,1.450961714,9.5,-99999.0
80.6,0.095338983,0,5.971304181,9.866526976,14.5,14.42121004
78.1,0.025581395,0,10.63604713,7.969200285,8.5,4.931463312
83.4,0.0,0,10.23841197,0.07120267,4.5,-99999.0
83.4,0.0,0,10.1496013,0.074753247,4.666666667,-99999.0
79.9,0.043189369,0,4.877629248,8.531553432,8.666666667,-99999.0
84.5,0.0,0,17.229391,1.420084599,13.83333333,8.347254369
80.5,0.071721311,0,10.44267545,0.267261905,6.5,-99999.0
82.1,0.123022847,0,12.36559396,0.63093014,6.666666667,-99999.0
76.1,0.060150376,0,25.9831983,0.0,7.333333333,-99999.0
78.0,0.0,0,22.21115789,0.871862826,6.833333333,-99999.0
82.4,0.015202703,0,12.60847303,3.669648646,8.333333333,-99999.0
81.6,0.0,0,10.0739897,0.173185436,6.666666667,-99999.0
73.5,0.364600326,1,7.45808326,3.544859996,7.5,-99999.0
79.1,0.0,0,12.14540264,7.538812136,10.66666667,-99999.0
84.4,0.020356234,0,22.41354926,0.086078749,9.333333333,-99999.0
83.6,0.111620795,0,11.1034835,0.079337997,5.5,-99999.0
79.6,0.474605954,0,18.53987246,8.199295441,11.0,-99999.0
75.2,0.212314225,1,14.10855377,0.149068614,5.333333333,-99999.0
79.3,0.113496933,0,6.908664352,6.091643405,10.83333333,7.57439348
89.0,0.0,0,16.18809592,0.92027105,11.0,10.50484377
79.8,0.08974359,0,17.37522913,2.120346634,10.66666667,19.7929004
85.5,0.031578947,0,14.60503624,8.531684879,15.0,14.58027962
81.7,0.038461538,0,12.68178251,1.503501085,13.83333333,7.354784941
75.4,0.0,1,12.76414432,0.408604982,11.5,27.27182854
80.9,0.06122449,0,24.50177496,0.734998995,15.5,48.49389732
80.5,0.08365019,0,21.35939619,0.526330762,13.16666667,16.040556
79.0,0.146938776,1,23.12212521,0.189600428,13.83333333,212.3524789
80.8,0.0,0,7.572585353,0.463823182,6.666666667,-99999.0
85.2,0.0,0,12.55161383,4.331819536,15.0,52.2058979
83.5,0.03950104,0,14.24872287,1.100018187,12.33333333,19.02734135
82.2,0.010416667,0,10.6843507,1.202532102,14.5,19.2400908
80.5,0.239547038,1,6.683678263,3.101492707,13.5,53.01386754
77.8,0.155419223,1,8.115545086,6.589390912,15.33333333,33.87317417
80.8,0.014234875,0,21.01092431,0.852276972,8.0,-99999.0
82.6,0.115019011,1,3.826790219,3.143783889,12.66666667,35.82801655
77.0,0.44384058,0,13.29902566,1.731869247,10.16666667,-99999.0
75.7,0.178326475,1,22.105328,4.593692007,10.33333333,-99999.0
80.5,0.027595269,0,12.19612612,0.182468589,7.0,-99999.0
79.6,0.017357763,0,9.478017302,14.4768446,10.16666667,-99999.0
82.6,0.046554935,0,16.36509166,0.516285055,8.0,-99999.0
82.3,0.0,0,13.79589381,2.890128411,10.5,-99999.0
81.1,0.012711864,0,11.86643383,3.01378651,8.0,-99999.0
81.3,0.03163017,0,7.93553262,5.326144536,7.166666667,-99999.0
79.2,0.179976162,0,10.31867274,0.470577906,6.0,-99999.0
80.3,0.025641026,0,9.175754503,0.797466164,6.166666667,-99999.0
80.3,0.065433855,0,9.947045686,3.146926223,9.333333333,-99999.0
81.5,0.0,0,14.44022047,1.801697641,7.5,-99999.0
72.8,0.092807425,0,15.46692734,9.908438501,8.666666667,-99999.0
80.3,0.057026477,0,5.777570059,8.225426862,7.833333333,-99999.0
76.5,0.021505376,0,12.45738249,5.909370715,6.833333333,4.222023287
77.7,0.015267176,0,9.855526434,30.58906542,13.16666667,3.416127295
78.3,0.013953488,0,7.603851656,0.073682826,4.666666667,-99999.0
75.1,0.069892473,1,10.2159704,1.63725047,9.0,-99999.0
79.0,0.041778976,0,14.42551437,1.396342143,6.666666667,-99999.0
78.5,0.0,0,16.57295822,2.202505238,8.5,-99999.0
76.9,0.192579505,0,13.80682467,5.303763731,7.166666667,-99999.0
75.0,0.293447293,1,10.56944322,6.633082021,7.833333333,-99999.0
76.5,0.0,0,16.82995888,9.308456521,8.666666667,-99999.0
83.8,0.006,0,13.92544141,3.708324311,7.666666667,-99999.0
72.6,0.022099448,0,6.768752206,1.500311982,6.0,-99999.0
80.9,0.073369565,0,13.67680504,1.779333827,10.33333333,-99999.0
84.3,0.00610998,0,18.01963769,0.036213337,6.833333333,-99999.0
82.0,0.157894737,1,16.47162054,28.91927024,14.33333333,46.01352816
72.8,0.179951691,1,8.9962838,11.42296019,10.66666667,46.3309659
79.6,0.0,1,12.86237053,0.320112698,11.33333333,12.72470138
82.1,0.049132948,0,8.754546288,0.032125632,10.0,4.449151311
77.2,0.074074074,1,5.122646744,3.551182982,12.16666667,9.085530952
83.8,0.116883117,0,10.50607434,7.013774526,8.333333333,-99999.0
80.3,0.013414634,0,9.815381425,0.350765028,6.666666667,-99999.0
87.9,0.030075188,0,11.96802445,0.875411455,11.33333333,20.8385524
79.2,0.109026964,0,10.27782142,3.688396567,12.5,49.96990934
77.2,0.021201413,1,6.169027783,0.212220794,5.5,5.926068456
84.1,0.062985332,0,20.9801898,7.563546228,10.33333333,-99999.0
80.4,0.025641026,0,11.21224759,0.063968327,4.833333333,-99999.0
84.8,0.0,0,8.310615336,5.848001377,9.333333333,-99999.0
81.8,0.0,0,7.721046505,0.071302406,5.5,-99999.0
81.3,0.0,0,12.48612551,0.166760776,6.833333333,-99999.0
79.2,0.0,0,13.6688178,0.09671322,5.166666667,-99999.0
82.1,0.057366362,0,12.04911849,0.346113611,5.666666667,-99999.0
78.7,0.153645833,1,13.74576409,27.35065293,11.5,49.95043119
71.0,0.154639175,1,16.38589504,0.113098746,11.5,33.73056991
73.7,0.101851852,1,20.63126494,1.701228377,13.16666667,266.6415089
73.2,0.094017094,0,13.7930284,122.346827,17.66666667,240.8316973
85.7,0.012437811,0,3.817940792,0.577949089,8.5,-99999.0
81.7,0.012003001,0,13.68252099,1.901897712,9.666666667,-99999.0
82.8,0.009336609,0,5.879797707,0.111174137,6.666666667,-99999.0
72.0,0.403755869,1,18.07774474,1.763143435,13.33333333,61.56403581
71.6,0.672619048,1,22.63947071,3.252453722,14.66666667,51.8853437
68.3,0.438095238,1,9.215433015,0.24030692,9.166666667,9.893303408
78.8,0.151108126,0,9.290509939,1.787006674,13.16666667,77.4488672
74.5,0.251984127,0,12.60511359,10.39406271,12.66666667,259.8515678
79.8,0.043771044,0,10.03699834,1.736161872,7.333333333,-99999.0
78.0,0.009497965,0,13.46313313,0.495982596,8.333333333,-99999.0
80.6,0.0,0,12.16587,0.42713826,8.666666667,-99999.0
69.1,0.342507645,1,24.56553646,0.848505299,14.5,33.69364687
67.1,0.346268657,0,10.33732051,3.025242056,11.83333333,29.90200642
67.2,0.358361775,1,12.59853015,1.080959454,14.0,175.9316048
73.9,0.129277567,1,11.08557067,1.56246638,14.16666667,31.0255855
75.5,0.0,0,26.44997023,0.151171408,13.16666667,47.52485467
79.1,0.142553191,0,9.129027928,1.427742207,12.16666667,94.93558571
72.4,0.269624573,1,7.34800033,0.619849664,14.33333333,206.9758878
72.0,0.502183406,0,23.33875671,5.580413688,19.83333333,83.75546083
80.9,0.15033557,0,11.81899868,1.252711327,9.0,-99999.0
79.8,0.0,0,15.8301274,0.541968187,7.833333333,-99999.0
67.0,0.282722513,1,23.76209122,0.216876895,14.5,69.40060655
70.3,0.509433962,1,15.69111108,1.462579422,15.83333333,34.34689658
76.3,0.125760649,0,12.43209896,0.080661014,11.83333333,51.62304892
81.1,0.118055556,0,6.667503915,2.494791528,6.5,-99999.0
66.3,0.466666667,1,8.363580326,0.323494092,12.16666667,38.0518292
67.2,0.239864865,1,11.37605767,0.312245882,13.0,57.0963902
67.5,0.365448505,1,19.4997013,2.89006213,14.0,55.66818863
71.6,0.44966443,1,19.58438501,2.06472994,13.16666667,60.66279079
75.0,0.077348066,0,34.49333534,2.219135032,15.33333333,23.24911026
80.5,0.097826087,0,22.06219752,9.863345785,16.66666667,147.0406327
70.0,0.144,0,18.54016098,4.967487141,17.83333333,146.8933491
74.5,0.349206349,0,22.82440136,1.242976351,15.5,141.8269914
65.4,0.315436242,1,17.72199579,1.519622103,13.5,55.25700443
78.3,0.130136986,0,15.60523101,1.84106319,13.33333333,18.4106319
73.1,0.0,1,10.05682942,1.735713008,12.66666667,76.61078102
75.1,0.0,0,8.497814606,0.350042777,11.33333333,38.40469325
69.4,0.313364055,1,11.67137467,9.989342296,7.666666667,6.964052002
69.7,0.393374741,1,26.75086474,1.506804308,15.83333333,52.16546749
60.7,0.562043796,1,14.15010267,0.891966742,16.0,43.91220845
65.5,0.476683938,1,20.92227375,0.715256179,14.83333333,85.6901999
73.9,0.242937853,1,32.7168482,5.174833821,17.5,84.64133958
75.7,0.188481675,0,30.44784279,7.963131874,17.0,119.961535
76.3,0.175986842,0,19.20367963,1.755574138,14.66666667,50.08578836
82.0,0.162037037,0,5.142756754,1.030474098,11.33333333,575.5137223
75.1,0.488843813,1,8.307236297,1.283640061,11.33333333,37.77308337
77.0,0.127502634,0,19.53864145,222.533507,13.83333333,311.1194088
73.9,0.551020408,1,18.95442866,7.198457255,18.5,22.94478412
74.5,0.44966443,0,11.89027178,1.493079012,11.16666667,11.01213365
75.6,0.085895118,0,16.76377658,7.017823704,17.5,18.73898769
79.5,0.049275362,0,13.23154162,0.800744354,11.33333333,22.28158202
79.4,0.079315708,0,20.32811829,7.079101134,18.16666667,59.81022741
72.1,0.398617512,0,18.94149509,1.61533759,14.16666667,86.8964308
72.8,0.037735849,1,16.53114,0.283352578,11.0,-99999.0
77.3,0.320359281,0,17.97537954,0.708227176,13.33333333,34.42521969
73.0,0.416988417,1,20.71575152,7.211219762,18.66666667,32.23269629
75.1,0.032338308,0,14.12197591,10.11086292,15.33333333,61.16211972
73.7,0.103703704,0,12.39544028,0.332039735,11.83333333,42.50108602
67.8,0.248648649,1,23.24889645,1.657144021,15.5,120.2688845
72.0,0.331288344,1,3.430036348,1.135831215,13.66666667,46.26243304
69.0,0.312206573,1,18.012491,0.87544093,14.16666667,70.03527436
65.8,0.15060241,1,14.49965852,0.759425919,15.5,119.5408722
80.6,0.0,0,19.31365323,0.776590834,7.166666667,-99999.0
78.9,0.179566563,0,15.25345222,0.378483702,12.33333333,48.4459139
77.1,0.036199095,0,18.12135108,0.980459939,12.66666667,64.69014245
73.1,0.445,1,20.39359954,3.314826364,16.16666667,127.8535581
76.0,0.399656947,1,21.764358,5.168458227,16.33333333,53.45960833
68.6,0.252083333,0,10.77366927,0.52176607,11.33333333,51.17255988
68.0,0.422053232,1,17.10347546,0.558208792,11.33333333,133.9701296
72.0,0.240549828,1,17.55464848,6.914898669,14.83333333,102.0445804
76.3,0.551122195,0,23.77913336,3.386834373,16.5,41.37831377
76.2,0.119205298,1,28.19066963,3.59396409,16.16666667,101.9903334
82.2,0.013017751,0,9.697422207,0.292181015,7.333333333,-99999.0
72.7,0.046875,0,12.07907823,1.286211235,13.33333333,126.9823951
80.0,0.0,0,14.17917688,1.732839255,10.16666667,-99999.0
78.6,0.149473684,0,14.25682129,9.272051256,15.5,8.122387385
75.7,0.141975309,0,20.58195368,1.848849412,12.66666667,200.1091291
78.7,0.014869888,0,16.1236064,0.348754271,7.333333333,-99999.0
75.5,0.055248619,0,14.51222667,0.255864265,7.5,-99999.0
83.6,0.013004791,0,12.90656951,0.919360885,9.166666667,-99999.0
79.8,0.007248322,0,7.329824502,0.17526611,6.166666667,-99999.0
75.3,0.016911437,0,10.02116062,1.019120552,9.666666667,-99999.0
80.2,0.050643087,0,12.35558772,2.285855186,9.333333333,-99999.0
78.3,0.013528749,0,10.05791162,1.309006924,7.833333333,-99999.0
82.0,0.026192075,0,7.887272585,1.394243931,7.5,-99999.0
85.7,0.049142857,0,10.7697756,2.998107573,8.833333333,-99999.0
77.8,0.086956522,0,20.00235242,0.13649975,11.5,69.41747233
73.0,0.172344689,1,19.8089434,1.806801601,16.0,69.84682698
74.0,0.195402299,0,12.60339002,14.49658282,15.83333333,165.2183772
71.3,0.232815965,0,21.10123421,4.076490875,16.5,35.16110728
69.5,0.242937853,1,27.52273876,4.766656542,17.5,34.40472209
76.5,0.077477477,0,19.80712981,3.616832692,18.33333333,22.06549773
79.6,0.229268293,1,14.20739892,0.551333425,13.0,58.89233087
68.2,0.293209877,1,11.68847319,2.011020547,11.5,22.92953913
68.1,0.397435897,1,15.21579532,1.868459398,13.33333333,53.67027782
70.8,0.365155131,1,14.03853662,1.456001633,15.33333333,87.98132863
79.5,0.038054968,0,6.530472145,1.477139282,12.66666667,114.8901555
81.0,0.042440318,0,4.88346879,0.396760962,12.16666667,66.24183009
79.2,0.062605753,0,23.13333551,0.520042221,15.0,62.5579863
75.0,0.0,0,10.13710466,0.141523426,10.66666667,138.6607697
77.5,0.018691589,0,21.01864068,0.819286929,16.0,42.08529057
74.3,0.030848329,0,17.73276538,1.300850066,11.66666667,23.87059872
72.6,0.127413127,1,9.176177804,12.97726294,14.66666667,9.397562844
77.9,0.057692308,0,16.99006023,0.869032472,13.83333333,36.44970483
77.8,0.0,0,16.2194456,0.417653622,9.666666667,19.09273837
74.8,0.064615385,1,11.57147502,9.94242982,12.0,27.36467415
75.3,0.056265985,1,20.8553556,2.65685046,14.33333333,133.0770243
75.2,0.157894737,0,14.74690556,5.826738569,17.33333333,22.92487306
71.0,0.4625,1,16.12396644,2.21686931,14.66666667,81.21020947
71.3,0.734693878,1,11.5060568,0.810884618,15.16666667,41.35859974
73.1,0.140740741,1,5.669877422,0.509110758,11.66666667,123.3714215
65.2,0.307692308,1,7.844986325,0.332099694,12.0,61.31305084
73.0,0.334056399,1,26.18629563,0.531893124,16.66666667,40.6461611
84.3,0.0,0,0.617512655,0.002320296,3.166666667,-99999.0
72.6,0.055172414,1,0.87791659,0.056405478,3.5,0.104333833
81.1,0.042982456,0,12.07716445,6.640863783,6.0,-99999.0
75.7,0.08707124,0,13.26649249,1.821163891,12.83333333,8.713045916
76.3,0.088235294,0,21.43248028,0.230812904,14.16666667,12.17858729
76.8,0.252307692,0,20.38743159,2.798088711,15.0,59.34878004
79.5,0.064377682,1,23.82652809,0.087237731,11.66666667,-99999.0
76.0,0.097256858,1,19.39808409,0.447170852,11.66666667,15.46969435
75.5,0.051861702,1,20.48856407,2.053367442,12.5,7.964576744
76.8,0.026070764,1,13.55205993,6.992448199,17.0,5.399548273
80.4,0.056105611,0,15.1719473,4.144729191,16.0,9.439952606
68.9,0.42295082,1,25.69179838,51.44520599,12.83333333,33.95322965
78.1,0.016129032,0,18.80490559,0.529609297,15.16666667,32.40717008
72.2,0.112280702,1,11.49419997,0.992731535,13.16666667,18.50451581
80.6,0.102396514,0,25.54097372,3.21670412,15.5,17.65088922
73.9,0.0,1,19.25191767,0.630547597,12.33333333,14.41251651
72.0,0.0,0,0.959255885,0.066951527,8.0,-99999.0
76.3,0.016,1,18.21355197,0.834596152,15.33333333,7.797686675
73.0,0.041450777,1,22.02421461,0.229589451,13.0,73.46862437
75.3,0.093283582,1,24.00736902,0.400407592,12.5,-99999.0
77.4,0.263333333,0,42.39560778,22.94511443,18.16666667,899.570049
71.9,0.138964578,1,9.943784422,4.115440792,10.83333333,9.066719817
73.1,0.201195219,1,18.40161291,0.856829547,13.5,16.12855619
74.3,0.0,0,1.093049326,0.001160539,2.5,-99999.0
77.7,0.013384321,0,3.63994777,3.106127376,7.833333333,1.286442696
75.0,0.111111111,0,3.788958367,1.421278071,14.66666667,3.428621281
66.4,0.036363636,1,14.40443608,0.1200334,11.66666667,11.81867326
67.0,0.252459016,1,26.33748634,0.85970571,15.16666667,48.77663443
72.8,0.056818182,0,15.34955756,1.930820404,14.66666667,21.12350527
75.6,0.021978022,1,17.15780734,0.976196343,14.33333333,26.67257166
72.9,0.199637024,1,9.372793469,18.27613952,14.5,27.89363106
78.3,0.0,0,21.11177137,6.629463765,13.33333333,13.32332566
74.4,0.138613861,0,18.01454151,4.687496417,15.0,18.63389658
76.1,0.019607843,0,24.0148608,26.30330008,11.83333333,15.76506474
74.4,0.129032258,0,23.65083589,0.944567915,16.0,51.02178049
75.0,0.141509434,1,21.15780592,1.365247588,15.5,26.69372165
70.4,0.31516184,1,13.04838964,1.019814211,13.66666667,8.993873647
72.0,0.054726368,0,15.9850922,2.143011128,15.5,13.51258248
72.9,0.0546875,1,12.24045501,1.021035844,14.16666667,10.28762602
74.7,0.060606061,1,16.2333332,1.99529358,15.83333333,8.332721164
71.8,0.044226044,1,19.35886479,1.053332373,12.83333333,10.33374497
76.5,0.066011236,1,17.12989022,0.342297497,12.83333333,17.89763818
78.8,0.158134243,1,8.33346576,6.163543348,16.66666667,10.57551674
76.1,0.012480499,0,12.96241082,9.814896711,14.5,3.539862079
73.7,0.123737374,1,10.65523198,0.481138233,12.66666667,15.97806611
78.0,0.0,0,3.890535334,0.734322925,5.166666667,1.916165656
72.6,0.0,1,16.15931368,0.396799351,11.83333333,30.78201026
63.9,0.534825871,1,20.92787451,0.0,13.0,35.78448986
67.6,0.20610687,1,15.41292863,0.845755334,11.33333333,11.26546104
67.9,0.15542522,0,16.58095019,0.530756909,14.16666667,28.37605251
69.2,0.081218274,1,16.85273112,1.240413606,16.0,21.74603771
69.7,0.131944444,1,25.28818168,0.722961629,14.5,5.931992855
71.0,0.034343434,1,9.337979868,0.584080326,13.33333333,8.423385399
70.9,0.111111111,0,6.348586821,1.320248004,12.83333333,1.242586357
74.6,0.0,1,16.14758129,1.128722892,13.5,13.75966954
75.3,0.046153846,0,16.29481776,0.127239258,8.0,-99999.0
72.8,0.110939908,1,19.53112502,2.896744248,14.33333333,4.834125195
79.4,0.028813559,0,22.39903239,1.083687647,9.333333333,-99999.0
78.3,0.031339031,0,18.83829279,1.173768468,15.0,10.05933068
75.2,0.27027027,1,7.676326869,3.535673449,12.33333333,8.940069827
72.6,0.115591398,1,8.660190522,1.10375699,13.16666667,9.379257771
76.3,0.065708419,1,24.24536841,3.104262597,14.66666667,14.58149036
73.3,0.0,0,18.00095492,13.34229225,16.33333333,5.444582579
79.0,0.018779343,0,12.86068955,12.04760415,9.833333333,3.319899528
82.1,0.0,0,21.52342629,11.20065971,9.333333333,-99999.0
82.1,0.0,0,21.52342629,11.20065971,9.333333333,-99999.0
81.4,0.0,0,12.49364427,0.813174036,7.833333333,-99999.0
80.2,0.044692737,0,9.640501846,1.117111071,10.16666667,5.845038697
69.7,0.063394683,1,13.24957913,0.1020508,12.66666667,5.234766165
68.3,0.058577406,1,12.27459085,1.479659524,12.16666667,12.11490966
74.3,0.021276596,1,7.925808206,0.639104855,6.833333333,1.805859192
75.3,0.183499289,1,13.90097682,0.159878892,7.333333333,11.37279672
75.0,0.255924171,1,14.77579059,0.351679359,13.66666667,43.56286259
68.6,0.074193548,1,5.506372224,1.78812118,12.16666667,4.092675947
68.9,0.144694534,1,16.66638038,0.908723155,12.0,5.409126921
73.5,0.022082019,1,21.55339219,1.191605881,14.66666667,15.87613467
72.0,0.01509434,0,8.620049031,0.030233984,6.833333333,0.511999666
75.2,0.023809524,0,3.666390481,0.004625687,3.333333333,0.211459963
75.2,0.0,1,15.47384866,2.277829957,12.33333333,13.68836782
73.1,0.340909091,1,28.31600869,0.407831119,13.16666667,16.20266443
80.4,0.022113022,0,16.39343523,0.22305831,7.5,-99999.0
73.9,0.069686411,1,8.303054126,1.824673468,14.83333333,17.93097549
70.9,0.22027972,1,13.69247221,0.428890302,9.166666667,15.98903046
67.1,0.075117371,1,11.08816804,0.174283554,10.33333333,8.580113416
74.0,0.037634409,0,19.75727038,1.85990405,17.16666667,44.08661452
75.3,0.167487685,0,23.79447624,4.100184452,14.83333333,34.64155839
74.9,0.016216216,0,0.816447023,0.002273363,2.833333333,-99999.0
74.9,0.016216216,0,0.816447023,0.002273363,2.833333333,-99999.0
77.0,0.066907776,0,11.58164297,7.612911027,8.666666667,0.909541352
77.7,0.016528926,0,2.940372314,0.030924246,4.833333333,1.799228857
74.4,0.04245283,0,18.18557863,1.997226184,16.66666667,49.60134869
75.0,0.144356955,1,14.56737507,9.482679616,15.0,16.3474819
79.0,0.068527919,0,11.90937893,2.757312287,10.83333333,-99999.0
75.3,0.063291139,1,6.034153332,5.762752139,9.333333333,1.233035821
80.7,0.010318143,0,12.63164926,1.026701382,7.833333333,-99999.0
77.6,0.053053053,0,10.2896367,0.656935668,7.5,-99999.0
81.2,0.0,0,17.72273754,1.818528013,11.66666667,-99999.0
80.2,0.114537445,1,9.509850748,3.102310075,7.166666667,-99999.0
80.5,0.048128342,0,11.79299937,1.301523209,11.33333333,11.52906372
82.2,0.024691358,0,10.21387995,1.185304525,9.166666667,2.503613519
75.3,0.0,0,17.78367865,7.850349139,10.33333333,-99999.0
75.4,0.015197568,0,12.28752241,3.225770472,9.5,-99999.0
76.6,0.0,0,17.32552254,3.074430108,10.33333333,-99999.0
69.1,0.288372093,1,2.402847088,1.095054718,9.833333333,0.376002653
81.2,0.103626943,0,1.596842727,0.033390033,6.833333333,-99999.0
81.2,0.103626943,0,1.596842727,0.033390033,6.833333333,-99999.0
79.9,0.0,0,8.471763132,0.163562924,6.833333333,-99999.0
78.1,0.0,0,6.881973578,0.827951572,8.166666667,-99999.0
78.4,0.170520231,0,8.716094321,4.833009394,8.0,-99999.0
76.2,0.017948718,0,3.514383423,0.073697822,6.166666667,-99999.0
71.6,0.010695187,0,5.627216746,4.24760998,6.833333333,1.053262451
80.3,0.012032086,0,3.669788747,3.823070171,8.166666667,-99999.0
76.4,0.0,0,1.554307318,0.499424953,6.0,-99999.0
75.3,0.057471264,0,22.8067445,0.519270186,7.833333333,-99999.0
84.3,0.015801354,0,17.46207657,2.075241978,11.5,-99999.0
83.6,0.036172695,0,8.578029785,0.131014733,5.666666667,-99999.0
80.4,0.028333333,0,5.514817571,0.040490687,4.5,-99999.0
80.4,0.028333333,0,5.514817571,0.040490687,4.5,-99999.0
82.5,0.035767511,0,17.00545633,2.586673903,9.333333333,-99999.0
75.4,0.188679245,1,24.42662209,1.054724055,7.166666667,-99999.0
68.9,0.187394958,1,17.87308939,6.047223293,14.66666667,6.009662899
80.8,0.058432935,0,18.30376285,0.543406419,8.666666667,-99999.0
76.1,0.117130307,0,19.99933098,1.850591239,15.33333333,6.351706704
78.7,0.039893617,0,10.1874902,1.234787124,6.5,4.99660857
82.8,0.018061187,0,12.70996665,0.386604879,7.833333333,-99999.0
76.2,0.0,0,15.62518962,0.48391307,10.5,17.44813323
82.1,0.011478731,0,11.64922899,2.236585851,9.333333333,2.011953843
74.6,0.0,0,2.499158448,0.642474232,7.333333333,0.402923575
78.0,0.028094153,0,3.361834368,0.493037254,5.833333333,-99999.0
77.6,0.0,0,3.873863202,0.088487974,6.0,-99999.0
71.0,0.178994083,1,15.26145362,0.727209856,12.16666667,30.07826796
72.7,0.022140221,0,20.94514963,0.390949519,11.83333333,17.80962264
73.8,0.0,1,27.04920824,0.940719565,17.33333333,13.23209938
66.7,0.019230769,1,18.40324427,1.298766905,12.5,-99999.0
70.2,0.029585799,1,22.43158641,0.800721992,12.0,-99999.0
71.5,0.014005602,1,14.27270497,1.083857847,14.83333333,6.800676686
74.6,0.270893372,1,18.55164264,1.487072942,14.33333333,8.16932775
71.3,0.018181818,1,21.31799846,2.247861266,13.83333333,6.644947852
77.2,0.013586957,1,17.58932969,8.229207774,16.16666667,11.329502
69.5,0.057142857,1,23.831894,0.080147832,10.33333333,8.527729329
75.0,0.054200542,1,16.86918107,1.328483265,14.5,3.053371891
72.6,0.145454545,1,5.851925228,0.953727318,6.666666667,0.665552609
73.0,0.264604811,1,13.1780536,0.159869817,10.16666667,4.252537142
77.5,0.011363636,0,2.055612021,0.156366689,6.0,-99999.0
84.0,0.0,0,7.431427556,0.082148336,6.333333333,-99999.0
82.9,0.0,0,11.9357508,0.712301993,8.5,-99999.0
71.6,0.126797386,1,11.32679945,2.392131335,9.5,-99999.0
80.2,0.010245902,0,4.126053014,0.070616508,6.0,-99999.0
74.9,0.0,0,14.28327332,5.140405464,11.66666667,-99999.0
79.5,0.020316027,0,14.884659,0.338470334,8.0,-99999.0
82.5,0.010835913,0,14.99146879,7.748130552,11.0,-99999.0
80.9,0.0,0,19.58835162,1.338854544,9.333333333,-99999.0
82.7,0.078085642,0,13.28352683,3.583838665,9.333333333,-99999.0
75.5,0.025906736,0,20.71106899,0.100532302,6.166666667,-99999.0
73.2,0.012847966,1,7.247731133,0.976246322,13.5,2.107574375
69.0,0.0,1,20.70238617,0.914419337,13.5,14.10188857
73.8,0.038109756,1,11.79587205,0.712451943,12.33333333,9.422019329
77.2,0.110743802,0,21.52571578,1.267376551,15.5,9.264274083
72.6,0.0,0,14.8293919,0.285356939,6.5,-99999.0
70.3,0.052401747,1,13.16442581,0.122936795,8.5,5.455987404
74.8,0.034090909,1,11.40087565,3.116785119,11.33333333,7.931424579
81.3,0.01193634,0,11.25707843,0.33745616,7.833333333,-99999.0
79.3,0.048582996,1,15.61778703,1.561867811,10.16666667,-99999.0
75.1,0.090289608,1,16.09403042,1.742753834,10.66666667,-99999.0
77.9,0.0,0,22.74990656,2.167820048,10.5,-99999.0
79.3,0.018250951,0,11.18255191,1.523275248,8.5,-99999.0
76.9,0.040540541,0,12.57079274,0.357056536,5.0,-99999.0
77.4,0.0,0,16.27679583,2.633696731,14.83333333,9.85711057
74.9,0.104039168,1,14.35108304,0.74955267,13.16666667,26.0137434
67.6,0.025510204,1,15.52178198,2.025723941,13.66666667,16.07028935
72.1,0.141104294,1,18.94192943,0.152815682,13.0,16.92175955
79.3,0.0,0,16.44175855,4.253278368,15.66666667,5.355713593
79.8,0.006042296,0,4.434553589,0.222914706,5.166666667,-99999.0
78.7,0.065335753,0,12.3796246,1.087826103,13.0,17.25708814
78.1,0.081632653,0,10.76682796,1.115623404,11.33333333,32.35032408
82.5,0.180497925,0,13.76560193,4.029309943,18.33333333,3.536882892
81.7,0.0,0,3.175404201,0.308804748,7.666666667,-99999.0
72.0,0.126684636,1,10.03940108,1.751466664,11.16666667,7.212147711
77.3,0.080229226,1,15.72862969,2.545586822,15.16666667,41.74762387
78.3,0.0,0,6.260581975,0.112097544,5.833333333,-99999.0
81.5,0.014018692,0,19.28281266,0.024902972,10.33333333,10.5987047
78.1,0.436305732,1,15.92354194,4.797457608,14.0,8.633395171
82.3,0.096062992,0,6.614123068,4.222604652,14.16666667,7.524838322
73.3,0.2,0,22.7966637,4.317579351,17.33333333,-99999.0
85.2,0.064935065,0,3.964123159,0.083956462,4.166666667,2.08055828
84.4,0.011547344,0,7.923397282,1.113869156,13.83333333,5.590615374
79.5,0.028282828,0,13.5243637,1.438135308,13.33333333,14.31492324
83.4,0.016233766,0,7.499181553,0.359804063,7.5,0.552989183
83.3,0.026058632,0,10.7753768,0.089085407,11.0,18.99026815
78.9,0.089588378,1,2.180369495,2.773188632,6.5,0.414795596
